latitude,longitude,bright_ti4,scan,track,acq_date,acq_time,satellite,instrument,confidence,version,bright_ti5,frp,daynight
25.84485,83.7335,326.97,0.71,0.75,2026-01-13,637,N,VIIRS,n,2.0NRT,290.6,3.35,D
26.75196,84.33796,328.53,0.62,0.72,2026-01-13,637,N,VIIRS,n,2.0NRT,292.09,3.62,D
28.39377,84.46178,328.26,0.57,0.69,2026-01-13,639,N,VIIRS,n,2.0NRT,287.22,3.75,D
28.72674,82.9506,334.96,0.68,0.74,2026-01-13,639,N,VIIRS,n,2.0NRT,283.27,11.32,D
28.73236,82.94481,367,0.68,0.74,2026-01-13,639,N,VIIRS,h,2.0NRT,295.9,38.92,D
28.73419,82.95145,355.1,0.68,0.74,2026-01-13,639,N,VIIRS,n,2.0NRT,291.59,38.92,D
24.65574,84.01574,354.67,0.39,0.59,2026-01-13,817,N,VIIRS,n,2.0NRT,296.85,6.69,D
24.65608,84.01964,367,0.39,0.59,2026-01-13,817,N,VIIRS,h,2.0NRT,297.12,6.69,D
24.66124,84.0152,356.33,0.39,0.59,2026-01-13,817,N,VIIRS,l,2.0NRT,292.36,6.89,D
24.66158,84.0191,349.99,0.39,0.59,2026-01-13,817,N,VIIRS,n,2.0NRT,295.16,6.89,D
24.88161,84.19106,325.48,0.4,0.6,2026-01-13,817,N,VIIRS,n,2.0NRT,295.34,3.2,D
24.95249,82.35771,331.02,0.61,0.54,2026-01-13,817,N,VIIRS,n,2.0NRT,293.48,2.32,D
25.3514,82.09816,334.26,0.6,0.53,2026-01-13,820,N,VIIRS,n,2.0NRT,295.51,6.36,D
25.35342,81.87093,339.86,0.58,0.52,2026-01-13,820,N,VIIRS,n,2.0NRT,296.72,4.54,D
25.35685,81.86843,339.54,0.58,0.52,2026-01-13,820,N,VIIRS,n,2.0NRT,297.43,6.63,D
25.3574,81.87425,334.74,0.58,0.52,2026-01-13,820,N,VIIRS,n,2.0NRT,296.39,6.63,D
25.5127,84.04556,332.38,0.4,0.6,2026-01-13,820,N,VIIRS,n,2.0NRT,296.14,2.04,D
25.51449,82.43169,330.25,0.63,0.54,2026-01-13,820,N,VIIRS,n,2.0NRT,294.07,2.84,D
25.51501,82.42744,325.26,0.63,0.54,2026-01-13,820,N,VIIRS,n,2.0NRT,295.09,3.69,D
25.69753,82.83139,327.86,0.33,0.56,2026-01-13,820,N,VIIRS,n,2.0NRT,294.39,1.73,D
25.7413,77.17214,344,0.47,0.4,2026-01-13,820,N,VIIRS,n,2.0NRT,302.11,5.09,D
25.74496,77.17157,332.65,0.47,0.4,2026-01-13,820,N,VIIRS,n,2.0NRT,297.53,5.09,D
25.84528,81.9725,339.29,0.59,0.53,2026-01-13,820,N,VIIRS,n,2.0NRT,295.76,13.29,D
25.97009,81.66428,331.28,0.57,0.52,2026-01-13,820,N,VIIRS,n,2.0NRT,295.25,2.71,D
25.97417,81.66323,334.33,0.57,0.52,2026-01-13,820,N,VIIRS,n,2.0NRT,294.92,4.5,D
26.02601,81.95554,331.67,0.6,0.53,2026-01-13,820,N,VIIRS,n,2.0NRT,295.65,3.96,D
26.13784,83.89274,325.31,0.39,0.6,2026-01-13,820,N,VIIRS,n,2.0NRT,294.37,1.69,D
26.16586,81.29375,339.99,0.54,0.51,2026-01-13,820,N,VIIRS,n,2.0NRT,296.84,11.52,D
26.28372,81.86143,326.15,0.59,0.53,2026-01-13,820,N,VIIRS,l,2.0NRT,296.99,4.09,D
26.32228,80.53825,348.8,0.49,0.49,2026-01-13,820,N,VIIRS,n,2.0NRT,300.23,17.68,D
26.34608,82.35805,339.57,0.64,0.54,2026-01-13,820,N,VIIRS,n,2.0NRT,295.83,8.93,D
26.38257,82.1582,330.92,0.62,0.54,2026-01-13,820,N,VIIRS,n,2.0NRT,295.26,4.26,D
26.43946,83.32854,328.65,0.37,0.58,2026-01-13,820,N,VIIRS,n,2.0NRT,296.79,2.2,D
26.56306,80.67703,325.18,0.5,0.49,2026-01-13,820,N,VIIRS,n,2.0NRT,292.73,2.5,D
26.59072,84.43462,330.27,0.43,0.62,2026-01-13,820,N,VIIRS,n,2.0NRT,295.34,2.7,D
26.95354,81.744,339.18,0.59,0.53,2026-01-13,820,N,VIIRS,n,2.0NRT,294.56,6.75,D
26.95531,81.7427,339.28,0.59,0.53,2026-01-13,820,N,VIIRS,n,2.0NRT,294.29,10.32,D
27.00842,84.25011,328.61,0.42,0.61,2026-01-13,820,N,VIIRS,n,2.0NRT,294.44,2.06,D
27.01414,84.24959,329.67,0.42,0.61,2026-01-13,820,N,VIIRS,n,2.0NRT,293.79,2.06,D
27.06781,83.7369,338.39,0.39,0.6,2026-01-13,820,N,VIIRS,n,2.0NRT,294.91,2.89,D
27.13139,83.42788,326.15,0.38,0.59,2026-01-13,820,N,VIIRS,n,2.0NRT,295.27,3.27,D
27.15801,83.41746,325.88,0.38,0.59,2026-01-13,820,N,VIIRS,n,2.0NRT,295.24,3.94,D
27.15833,83.42135,367,0.38,0.59,2026-01-13,820,N,VIIRS,h,2.0NRT,296.71,3.94,D
27.15936,84.15186,327.51,0.42,0.61,2026-01-13,820,N,VIIRS,n,2.0NRT,295.28,2.35,D
27.36779,79.75,333.64,0.45,0.47,2026-01-13,820,N,VIIRS,n,2.0NRT,291.98,5.04,D
27.38915,83.53302,332.18,0.39,0.59,2026-01-13,820,N,VIIRS,n,2.0NRT,293.49,2.76,D
27.88784,78.92559,336.41,0.41,0.45,2026-01-13,820,N,VIIRS,n,2.0NRT,294.28,2.97,D
27.92632,78.80137,333.58,0.41,0.45,2026-01-13,820,N,VIIRS,n,2.0NRT,292.19,3.58,D
27.94508,78.81993,337.44,0.41,0.45,2026-01-13,820,N,VIIRS,n,2.0NRT,296.5,8.53,D
27.94553,78.8241,327.55,0.41,0.45,2026-01-13,820,N,VIIRS,n,2.0NRT,291.8,6.69,D
27.97032,78.85892,341.47,0.41,0.45,2026-01-13,820,N,VIIRS,n,2.0NRT,296.4,5.43,D
28.0435,80.6416,338.76,0.52,0.5,2026-01-13,820,N,VIIRS,n,2.0NRT,294.21,6.8,D
28.07916,80.91476,325.81,0.54,0.51,2026-01-13,820,N,VIIRS,n,2.0NRT,294.11,2.14,D
28.23991,77.97208,331.08,0.55,0.43,2026-01-13,820,N,VIIRS,n,2.0NRT,295.77,4.67,D
28.3093,84.09561,329.93,0.43,0.62,2026-01-13,820,N,VIIRS,n,2.0NRT,295.5,2.92,D
28.3105,84.09595,330.7,0.43,0.62,2026-01-13,820,N,VIIRS,n,2.0NRT,295.97,3.39,D
28.35928,80.5147,329.06,0.52,0.5,2026-01-13,820,N,VIIRS,n,2.0NRT,293.43,3.69,D
28.39466,78.2764,331.13,0.38,0.44,2026-01-13,820,N,VIIRS,n,2.0NRT,292.55,1.38,D
28.39564,78.27654,331.15,0.39,0.44,2026-01-13,820,N,VIIRS,n,2.0NRT,292.73,1.05,D
28.52808,80.39707,338.71,0.51,0.49,2026-01-13,820,N,VIIRS,n,2.0NRT,293.73,5.98,D
28.58018,79.57309,331.45,0.46,0.47,2026-01-13,820,N,VIIRS,n,2.0NRT,293.59,2.38,D
28.64816,80.11133,343.12,0.49,0.49,2026-01-13,820,N,VIIRS,n,2.0NRT,292.43,7.35,D
28.72864,80.22475,341.72,0.5,0.49,2026-01-13,820,N,VIIRS,n,2.0NRT,294.95,4.09,D
28.73309,82.94064,326.3,0.37,0.58,2026-01-13,820,N,VIIRS,n,2.0NRT,295.85,3.64,D
28.73556,82.94191,336.41,0.37,0.58,2026-01-13,820,N,VIIRS,n,2.0NRT,299.6,3.25,D
28.73584,82.94569,335.73,0.37,0.58,2026-01-13,820,N,VIIRS,n,2.0NRT,301.51,3.25,D
28.7386,82.94183,331.64,0.37,0.58,2026-01-13,820,N,VIIRS,n,2.0NRT,290.67,3.82,D
28.78848,82.59532,333.02,0.35,0.57,2026-01-13,820,N,VIIRS,n,2.0NRT,294.14,2.5,D
28.95577,77.99522,333.69,0.57,0.43,2026-01-13,820,N,VIIRS,n,2.0NRT,290.69,4.18,D
28.97408,81.95056,325.58,0.32,0.55,2026-01-13,820,N,VIIRS,n,2.0NRT,291.85,3.17,D
29.01599,82.93458,338.53,0.37,0.58,2026-01-13,820,N,VIIRS,n,2.0NRT,298.98,8.05,D
29.01617,82.93684,327.27,0.37,0.58,2026-01-13,820,N,VIIRS,n,2.0NRT,296.93,8.28,D
29.1028,82.37649,332.3,0.34,0.56,2026-01-13,820,N,VIIRS,n,2.0NRT,299.42,6.75,D
29.10292,82.37519,330.1,0.34,0.56,2026-01-13,820,N,VIIRS,n,2.0NRT,298.49,6.18,D
29.17433,78.60367,331.72,0.41,0.45,2026-01-13,820,N,VIIRS,n,2.0NRT,291.72,2.56,D
29.17684,78.60294,325.15,0.41,0.45,2026-01-13,820,N,VIIRS,n,2.0NRT,291.11,2.17,D
29.18382,79.05875,329.02,0.43,0.46,2026-01-13,820,N,VIIRS,n,2.0NRT,293.13,2.66,D
29.24518,77.34351,331.64,0.53,0.42,2026-01-13,820,N,VIIRS,n,2.0NRT,292,6.33,D
29.24652,77.34631,330.03,0.53,0.42,2026-01-13,820,N,VIIRS,n,2.0NRT,292.26,4.76,D
29.27139,81.87682,330.95,0.32,0.55,2026-01-13,820,N,VIIRS,n,2.0NRT,295.13,10.01,D
29.27444,81.87372,338.62,0.32,0.55,2026-01-13,820,N,VIIRS,n,2.0NRT,287.05,4.93,D
29.27469,81.87674,349.39,0.32,0.55,2026-01-13,820,N,VIIRS,n,2.0NRT,285.24,4.93,D
29.38981,78.08425,329.07,0.39,0.44,2026-01-13,820,N,VIIRS,n,2.0NRT,291.51,2.42,D
29.39165,82.23175,328.53,0.34,0.56,2026-01-13,820,N,VIIRS,l,2.0NRT,298.94,6.14,D
29.39211,82.23738,335.79,0.34,0.56,2026-01-13,820,N,VIIRS,n,2.0NRT,300.89,4.84,D
29.39239,82.24072,339.18,0.34,0.56,2026-01-13,820,N,VIIRS,n,2.0NRT,294.99,4.84,D
29.44671,78.2987,352.67,0.4,0.44,2026-01-13,820,N,VIIRS,n,2.0NRT,290.48,6.56,D
29.51011,79.55455,326.03,0.47,0.48,2026-01-13,820,N,VIIRS,n,2.0NRT,294.49,5.07,D
29.5375,79.69666,335.44,0.48,0.48,2026-01-13,820,N,VIIRS,n,2.0NRT,299.6,6.62,D
29.54182,79.69482,341.71,0.48,0.48,2026-01-13,820,N,VIIRS,n,2.0NRT,302.26,22.97,D
29.54222,79.69894,367,0.48,0.48,2026-01-13,820,N,VIIRS,h,2.0NRT,301.16,30.27,D
29.55181,77.25162,328.13,0.53,0.42,2026-01-13,820,N,VIIRS,n,2.0NRT,287.89,3.12,D
29.55377,77.25462,338.74,0.53,0.42,2026-01-13,820,N,VIIRS,n,2.0NRT,288.17,6.64,D
29.55566,77.25104,326.65,0.53,0.42,2026-01-13,820,N,VIIRS,n,2.0NRT,285.9,3.74,D
29.58319,79.48341,341.26,0.47,0.47,2026-01-13,820,N,VIIRS,n,2.0NRT,297.86,5.14,D
29.58321,79.48526,338.86,0.47,0.47,2026-01-13,820,N,VIIRS,n,2.0NRT,295.83,3.74,D
29.61722,82.21451,351.71,0.34,0.56,2026-01-13,820,N,VIIRS,n,2.0NRT,296.56,5.82,D
29.61737,82.21625,333.02,0.34,0.56,2026-01-13,820,N,VIIRS,n,2.0NRT,295.32,5.82,D
29.6184,82.21399,355.9,0.34,0.56,2026-01-13,820,N,VIIRS,n,2.0NRT,296.69,5.53,D
29.61855,82.21581,340.04,0.34,0.56,2026-01-13,820,N,VIIRS,n,2.0NRT,294.56,5.53,D
29.71004,81.78073,367,0.32,0.55,2026-01-13,820,N,VIIRS,h,2.0NRT,293.99,7.87,D
29.71023,81.78305,333.46,0.32,0.55,2026-01-13,820,N,VIIRS,n,2.0NRT,286.85,7.35,D
29.71497,81.77869,334.75,0.32,0.55,2026-01-13,820,N,VIIRS,n,2.0NRT,293.39,7.87,D
29.71519,81.78138,367,0.32,0.55,2026-01-13,820,N,VIIRS,h,2.0NRT,297.91,7.35,D
29.71544,81.78442,344.78,0.32,0.55,2026-01-13,820,N,VIIRS,n,2.0NRT,292.26,7.35,D
29.79533,81.71415,347.22,0.32,0.55,2026-01-13,820,N,VIIRS,n,2.0NRT,288.35,6.22,D
29.79614,81.7141,357.73,0.32,0.55,2026-01-13,820,N,VIIRS,l,2.0NRT,289.52,6.74,D
29.79632,81.71633,338.92,0.32,0.55,2026-01-13,820,N,VIIRS,n,2.0NRT,284,6.74,D
29.80057,81.71605,356,0.32,0.55,2026-01-13,820,N,VIIRS,n,2.0NRT,285.76,7.64,D
29.86889,80.35157,326.67,0.53,0.5,2026-01-13,820,N,VIIRS,n,2.0NRT,287.96,3.22,D
30.04187,81.77156,352.93,0.32,0.55,2026-01-13,820,N,VIIRS,n,2.0NRT,295.39,5.8,D
30.04681,81.76941,350.69,0.32,0.55,2026-01-13,820,N,VIIRS,n,2.0NRT,290.21,4.87,D
28.53996,83.68754,299.44,0.5,0.49,2026-01-13,2044,N,VIIRS,n,2.0NRT,277.16,1.63,N
28.66424,82.3918,314.95,0.42,0.45,2026-01-13,2044,N,VIIRS,n,2.0NRT,279.41,1.29,N
28.66784,82.39529,308.76,0.42,0.45,2026-01-13,2044,N,VIIRS,n,2.0NRT,278.78,1.29,N
28.6686,82.39165,311.93,0.42,0.45,2026-01-13,2044,N,VIIRS,n,2.0NRT,278.37,1.29,N
28.73122,82.93391,297.34,0.45,0.47,2026-01-13,2044,N,VIIRS,n,2.0NRT,268.2,0.7,N
28.73451,82.93197,305.95,0.45,0.47,2026-01-13,2044,N,VIIRS,n,2.0NRT,269.57,1.55,N
28.73566,82.93394,299.4,0.45,0.47,2026-01-13,2044,N,VIIRS,n,2.0NRT,267.91,0.7,N
28.73809,82.93613,298.89,0.45,0.47,2026-01-13,2044,N,VIIRS,n,2.0NRT,265.74,1.55,N
28.82828,77.15235,299.78,0.39,0.36,2026-01-13,2044,N,VIIRS,n,2.0NRT,277.01,0.55,N
28.83755,77.13788,296.38,0.39,0.36,2026-01-13,2044,N,VIIRS,n,2.0NRT,276.69,0.72,N
29.21562,81.71852,298.88,0.57,0.43,2026-01-13,2044,N,VIIRS,n,2.0NRT,274.38,1.05,N
29.35471,79.7588,304.72,0.46,0.39,2026-01-13,2044,N,VIIRS,n,2.0NRT,281.17,1.17,N
29.38724,81.90118,297.52,0.38,0.44,2026-01-13,2044,N,VIIRS,n,2.0NRT,274.48,0.54,N
29.40297,79.56928,297.09,0.45,0.39,2026-01-13,2044,N,VIIRS,n,2.0NRT,278.6,0.94,N
29.40348,79.57182,322.39,0.45,0.39,2026-01-13,2044,N,VIIRS,n,2.0NRT,278.24,2.74,N
29.40654,79.56992,326.05,0.45,0.39,2026-01-13,2044,N,VIIRS,n,2.0NRT,281.39,3.61,N
29.46573,79.52778,298.22,0.45,0.39,2026-01-13,2044,N,VIIRS,n,2.0NRT,279.56,1.33,N
29.57397,79.49119,301.45,0.44,0.39,2026-01-13,2044,N,VIIRS,n,2.0NRT,278.06,0.91,N
29.5748,79.4866,311.21,0.44,0.39,2026-01-13,2044,N,VIIRS,n,2.0NRT,276.89,1.14,N
29.57838,79.48708,295.18,0.44,0.39,2026-01-13,2044,N,VIIRS,n,2.0NRT,278.15,1.14,N
29.62082,82.20881,334.51,0.4,0.44,2026-01-13,2044,N,VIIRS,n,2.0NRT,278.08,4.14,N
29.6246,79.67126,310.62,0.45,0.39,2026-01-13,2044,N,VIIRS,n,2.0NRT,279.97,1.72,N
29.62503,79.27012,306.27,0.44,0.38,2026-01-13,2044,N,VIIRS,n,2.0NRT,278.16,0.81,N
29.68853,79.72474,312.73,0.45,0.39,2026-01-13,2044,N,VIIRS,n,2.0NRT,280.04,1.96,N
29.68932,79.72038,304.71,0.45,0.39,2026-01-13,2044,N,VIIRS,n,2.0NRT,279.03,1.31,N
29.69048,79.73422,313.71,0.45,0.39,2026-01-13,2044,N,VIIRS,n,2.0NRT,281.45,1.69,N
29.69127,79.72989,315.43,0.45,0.39,2026-01-13,2044,N,VIIRS,n,2.0NRT,280.21,2.48,N
29.71115,81.7793,297.68,0.56,0.43,2026-01-13,2044,N,VIIRS,n,2.0NRT,273.74,0.79,N
29.7223,79.47813,295.43,0.44,0.38,2026-01-13,2044,N,VIIRS,n,2.0NRT,274.16,0.52,N
29.72631,81.41847,302.33,0.54,0.42,2026-01-13,2044,N,VIIRS,n,2.0NRT,273.53,1.08,N
29.75104,79.15746,299.79,0.43,0.38,2026-01-13,2044,N,VIIRS,n,2.0NRT,280.88,0.99,N
29.77651,82.27267,328.01,0.4,0.44,2026-01-13,2044,N,VIIRS,n,2.0NRT,271.43,5.34,N
29.79147,81.7403,308.11,0.56,0.43,2026-01-13,2044,N,VIIRS,n,2.0NRT,275.05,2.48,N
29.81259,80.65424,301.47,0.49,0.4,2026-01-13,2044,N,VIIRS,n,2.0NRT,277.27,1.2,N
29.81595,80.45574,309.62,0.48,0.4,2026-01-13,2044,N,VIIRS,n,2.0NRT,278.6,1.49,N
29.82005,79.0991,295.68,0.43,0.38,2026-01-13,2044,N,VIIRS,n,2.0NRT,275.74,0.42,N
29.8209,80.01038,307.35,0.46,0.39,2026-01-13,2044,N,VIIRS,n,2.0NRT,280.81,1.34,N
29.8258,82.09312,300.86,0.39,0.44,2026-01-13,2044,N,VIIRS,n,2.0NRT,275.19,1.14,N
29.82693,82.08758,301.72,0.39,0.44,2026-01-13,2044,N,VIIRS,n,2.0NRT,274.41,1.69,N
29.84196,79.63704,300,0.45,0.39,2026-01-13,2044,N,VIIRS,n,2.0NRT,278.23,0.48,N
29.88418,79.28379,304.35,0.43,0.38,2026-01-13,2044,N,VIIRS,n,2.0NRT,279.88,0.91,N
29.9806,79.65501,300.89,0.45,0.39,2026-01-13,2044,N,VIIRS,n,2.0NRT,279.69,0.99,N
29.98915,79.5284,300.17,0.44,0.38,2026-01-13,2044,N,VIIRS,n,2.0NRT,279.2,0.69,N
29.99133,79.8983,295.58,0.45,0.39,2026-01-13,2044,N,VIIRS,n,2.0NRT,278.31,0.46,N
30.00344,80.7396,299.49,0.49,0.41,2026-01-13,2044,N,VIIRS,n,2.0NRT,278.07,1.28,N
30.00537,80.72953,300.18,0.49,0.41,2026-01-13,2044,N,VIIRS,n,2.0NRT,277.68,1.6,N
30.00733,80.73943,302.51,0.49,0.41,2026-01-13,2044,N,VIIRS,n,2.0NRT,277.67,1.28,N
30.00929,80.72917,317.37,0.49,0.41,2026-01-13,2044,N,VIIRS,n,2.0NRT,278.2,1.6,N
30.01969,79.03469,296.4,0.42,0.38,2026-01-13,2044,N,VIIRS,n,2.0NRT,277.28,0.5,N
30.02761,78.94945,324.31,0.42,0.38,2026-01-13,2044,N,VIIRS,n,2.0NRT,281.08,2.85,N
30.04018,80.70822,299.21,0.49,0.4,2026-01-13,2044,N,VIIRS,n,2.0NRT,275.24,0.65,N
30.04158,81.76752,301.31,0.55,0.43,2026-01-13,2044,N,VIIRS,n,2.0NRT,272.9,1.56,N
30.04591,80.21801,299.24,0.47,0.4,2026-01-13,2044,N,VIIRS,n,2.0NRT,279.58,1.19,N
30.04601,80.21616,301.73,0.47,0.4,2026-01-13,2044,N,VIIRS,n,2.0NRT,279.38,1.1,N
30.04683,80.21318,301.5,0.47,0.4,2026-01-13,2044,N,VIIRS,n,2.0NRT,278.8,1.99,N
30.04693,80.21114,300.46,0.47,0.4,2026-01-13,2044,N,VIIRS,n,2.0NRT,278.94,1.1,N
30.05058,80.21326,304.59,0.47,0.4,2026-01-13,2044,N,VIIRS,n,2.0NRT,276.09,1.45,N
30.05067,80.21114,310.04,0.47,0.4,2026-01-13,2044,N,VIIRS,n,2.0NRT,276.89,1.1,N
30.05612,79.77938,305.32,0.45,0.39,2026-01-13,2044,N,VIIRS,n,2.0NRT,276.83,1.14,N
30.06329,79.78044,296.22,0.45,0.39,2026-01-13,2044,N,VIIRS,n,2.0NRT,276.61,1.22,N
30.08248,80.59924,297.92,0.49,0.4,2026-01-13,2044,N,VIIRS,n,2.0NRT,274.35,0.97,N
30.0831,80.60236,295.2,0.49,0.4,2026-01-13,2044,N,VIIRS,n,2.0NRT,274.35,2.16,N
30.0841,80.597,296.83,0.49,0.4,2026-01-13,2044,N,VIIRS,n,2.0NRT,274.68,0.75,N
30.08541,80.60387,324.55,0.49,0.4,2026-01-13,2044,N,VIIRS,n,2.0NRT,273.67,4.31,N
30.08701,80.60176,328.47,0.49,0.4,2026-01-13,2044,N,VIIRS,n,2.0NRT,273.7,2.16,N
30.10032,80.58618,297.11,0.48,0.4,2026-01-13,2044,N,VIIRS,n,2.0NRT,262.12,0.84,N
30.11048,78.83456,297.81,0.42,0.37,2026-01-13,2044,N,VIIRS,n,2.0NRT,279.79,0.97,N
30.11296,78.96102,300.12,0.42,0.38,2026-01-13,2044,N,VIIRS,n,2.0NRT,278.85,0.85,N
30.11552,80.60616,310.58,0.49,0.4,2026-01-13,2044,N,VIIRS,n,2.0NRT,275.1,1.94,N
30.1189,80.60842,301.69,0.49,0.4,2026-01-13,2044,N,VIIRS,n,2.0NRT,276.77,1.94,N
30.19235,80.26088,309.04,0.47,0.4,2026-01-13,2044,N,VIIRS,n,2.0NRT,278.8,1.35,N
30.19307,80.29704,310.42,0.47,0.4,2026-01-13,2044,N,VIIRS,n,2.0NRT,276.55,1.39,N
30.20744,80.28043,310.21,0.47,0.4,2026-01-13,2044,N,VIIRS,n,2.0NRT,277.73,1.3,N
30.25939,79.10295,304.79,0.42,0.38,2026-01-13,2044,N,VIIRS,n,2.0NRT,277.57,1.1,N
30.26349,79.10002,321.43,0.42,0.38,2026-01-13,2044,N,VIIRS,n,2.0NRT,280.71,3.2,N
30.3257,79.36056,302.63,0.43,0.38,2026-01-13,2044,N,VIIRS,n,2.0NRT,279.79,1.01,N
30.38076,79.41561,297.36,0.43,0.38,2026-01-13,2044,N,VIIRS,n,2.0NRT,279.09,0.37,N
30.38662,78.66493,306.92,0.41,0.37,2026-01-13,2044,N,VIIRS,n,2.0NRT,279.33,1.44,N
30.41972,78.65691,296.79,0.41,0.37,2026-01-13,2044,N,VIIRS,n,2.0NRT,278.4,0.59,N
30.4695,78.30672,297.83,0.4,0.37,2026-01-13,2044,N,VIIRS,n,2.0NRT,276.24,0.51,N
30.47023,78.30245,295.29,0.4,0.37,2026-01-13,2044,N,VIIRS,n,2.0NRT,275.23,0.67,N
30.47262,79.38973,298.29,0.43,0.38,2026-01-13,2044,N,VIIRS,n,2.0NRT,278.85,0.79,N
30.51152,79.4139,305.55,0.43,0.38,2026-01-13,2044,N,VIIRS,n,2.0NRT,278.48,0.98,N
30.5123,79.40958,303.63,0.43,0.38,2026-01-13,2044,N,VIIRS,n,2.0NRT,278.33,0.84,N
30.51366,78.8453,302.71,0.41,0.37,2026-01-13,2044,N,VIIRS,n,2.0NRT,278.07,0.91,N
30.55105,79.17128,315.63,0.42,0.38,2026-01-13,2044,N,VIIRS,n,2.0NRT,278.24,1.86,N
30.60661,77.67054,296.65,0.39,0.36,2026-01-13,2044,N,VIIRS,n,2.0NRT,278.87,0.8,N
30.61025,79.11192,295.48,0.42,0.38,2026-01-13,2044,N,VIIRS,n,2.0NRT,278.64,0.89,N
30.61093,79.10805,299.97,0.42,0.38,2026-01-13,2044,N,VIIRS,n,2.0NRT,279.24,0.89,N
30.61277,79.58166,299.26,0.44,0.38,2026-01-13,2044,N,VIIRS,n,2.0NRT,276.15,0.48,N
30.61434,79.10895,306.05,0.42,0.38,2026-01-13,2044,N,VIIRS,n,2.0NRT,279.61,0.89,N
30.62329,79.58356,296.34,0.44,0.38,2026-01-13,2044,N,VIIRS,n,2.0NRT,276.84,0.8,N
30.62371,78.55433,302.64,0.41,0.37,2026-01-13,2044,N,VIIRS,n,2.0NRT,278.76,1.02,N
30.72693,77.99062,304.34,0.39,0.37,2026-01-13,2044,N,VIIRS,n,2.0NRT,274.39,0.85,N
30.72761,77.98659,304.59,0.39,0.37,2026-01-13,2044,N,VIIRS,n,2.0NRT,274.01,0.85,N
30.75457,78.30682,309.92,0.4,0.37,2026-01-13,2044,N,VIIRS,n,2.0NRT,278.57,0.99,N
30.76181,77.72055,326.09,0.39,0.36,2026-01-13,2044,N,VIIRS,n,2.0NRT,278.82,2.7,N
30.77446,78.55643,306.98,0.41,0.37,2026-01-13,2044,N,VIIRS,n,2.0NRT,278.79,1.46,N
30.80498,77.7087,302.63,0.39,0.36,2026-01-13,2044,N,VIIRS,n,2.0NRT,277.86,0.65,N
30.8643,77.28465,308.14,0.39,0.36,2026-01-13,2044,N,VIIRS,n,2.0NRT,277.55,1.01,N
30.89916,78.65054,326.93,0.41,0.37,2026-01-13,2044,N,VIIRS,n,2.0NRT,278.5,18.74,N
30.89998,78.6459,344.59,0.41,0.37,2026-01-13,2044,N,VIIRS,n,2.0NRT,291.99,18.74,N
30.90259,78.65098,327.18,0.41,0.37,2026-01-13,2044,N,VIIRS,n,2.0NRT,278.98,3.89,N
30.9034,78.64639,324.79,0.41,0.37,2026-01-13,2044,N,VIIRS,n,2.0NRT,277.35,3.89,N
30.91083,77.76881,298.54,0.39,0.36,2026-01-13,2044,N,VIIRS,n,2.0NRT,277.53,0.7,N
31.02626,77.80488,304.03,0.39,0.36,2026-01-13,2044,N,VIIRS,n,2.0NRT,277.43,0.98,N
31.14747,77.70858,304.23,0.39,0.36,2026-01-13,2044,N,VIIRS,n,2.0NRT,276.67,0.92,N
31.16226,77.52114,328.74,0.39,0.36,2026-01-13,2044,N,VIIRS,n,2.0NRT,278.87,2.15,N
31.16291,77.51721,308.75,0.39,0.36,2026-01-13,2044,N,VIIRS,n,2.0NRT,274.69,2.15,N
31.16556,77.5219,319.51,0.39,0.36,2026-01-13,2044,N,VIIRS,n,2.0NRT,277.6,2.15,N
31.16885,77.52265,306.98,0.39,0.36,2026-01-13,2044,N,VIIRS,n,2.0NRT,276.1,1.04,N
31.23999,77.72935,296.24,0.39,0.36,2026-01-13,2044,N,VIIRS,n,2.0NRT,272.69,0.43,N
31.24331,77.72995,324.96,0.39,0.36,2026-01-13,2044,N,VIIRS,n,2.0NRT,275.03,1.57,N
31.26911,77.79762,322.6,0.39,0.36,2026-01-13,2044,N,VIIRS,n,2.0NRT,273.84,2.54,N
31.28363,77.16827,295.64,0.38,0.36,2026-01-13,2044,N,VIIRS,n,2.0NRT,276.74,1.26,N
31.28428,77.16426,319.15,0.38,0.36,2026-01-13,2044,N,VIIRS,n,2.0NRT,274.43,1.7,N
31.28758,77.1649,302.78,0.38,0.36,2026-01-13,2044,N,VIIRS,n,2.0NRT,273.59,0.64,N
31.2936,78.02129,299.01,0.39,0.36,2026-01-13,2044,N,VIIRS,n,2.0NRT,271.05,1.03,N
31.45748,77.6879,307.8,0.39,0.36,2026-01-13,2044,N,VIIRS,n,2.0NRT,275.08,1.16,N
31.46077,77.68871,302.79,0.39,0.36,2026-01-13,2044,N,VIIRS,n,2.0NRT,275.92,0.88,N
31.46141,77.68485,309.29,0.39,0.36,2026-01-13,2044,N,VIIRS,n,2.0NRT,277.5,1.38,N
31.47062,77.41924,306.11,0.39,0.36,2026-01-13,2044,N,VIIRS,n,2.0NRT,277.83,1.19,N
31.47391,77.42001,308.42,0.39,0.36,2026-01-13,2044,N,VIIRS,n,2.0NRT,278.22,1.19,N
31.4931,77.46989,315.47,0.39,0.36,2026-01-13,2044,N,VIIRS,n,2.0NRT,277.83,1.84,N
31.49377,77.46573,313.6,0.39,0.36,2026-01-13,2044,N,VIIRS,n,2.0NRT,278.31,2.06,N
31.49639,77.47061,320.46,0.39,0.36,2026-01-13,2044,N,VIIRS,n,2.0NRT,278.56,1.86,N
31.49706,77.46645,302.5,0.39,0.36,2026-01-13,2044,N,VIIRS,n,2.0NRT,277.86,0.91,N
31.49773,77.46228,299.78,0.39,0.36,2026-01-13,2044,N,VIIRS,n,2.0NRT,274.25,0.91,N
23.98856,79.39115,295.83,0.52,0.42,2026-01-13,2046,N,VIIRS,n,2.0NRT,285.38,1.13,N
24.05297,80.6137,296.92,0.4,0.45,2026-01-13,2046,N,VIIRS,n,2.0NRT,286.2,0.75,N
24.1438,82.63564,319.39,0.53,0.5,2026-01-13,2046,N,VIIRS,n,2.0NRT,284.39,2.5,N
24.16603,80.69563,300.35,0.41,0.45,2026-01-13,2046,N,VIIRS,n,2.0NRT,283.11,0.55,N
24.16715,82.68485,298.99,0.53,0.5,2026-01-13,2046,N,VIIRS,n,2.0NRT,283.4,0.82,N
24.16753,80.69324,299.14,0.41,0.45,2026-01-13,2046,N,VIIRS,n,2.0NRT,283.16,0.73,N
24.18624,82.6626,299.53,0.53,0.5,2026-01-13,2046,N,VIIRS,n,2.0NRT,282.85,0.62,N
26.64119,79.47884,299.36,0.48,0.4,2026-01-13,2046,N,VIIRS,n,2.0NRT,280.57,0.84,N
27.85707,77.1693,296.24,0.39,0.37,2026-01-13,2046,N,VIIRS,n,2.0NRT,280.53,0.32,N
28.071,77.85734,296.7,0.41,0.37,2026-01-13,2046,N,VIIRS,n,2.0NRT,278.72,0.63,N
23.72181,78.98463,335.08,0.38,0.36,2026-01-14,800,N,VIIRS,n,2.0NRT,303.99,3.28,D
23.89122,79.88081,328.23,0.39,0.36,2026-01-14,800,N,VIIRS,n,2.0NRT,300.37,1.61,D
24.1416,82.63554,328.35,0.49,0.4,2026-01-14,800,N,VIIRS,l,2.0NRT,299.45,3.82,D
24.14265,82.63708,335.17,0.49,0.4,2026-01-14,800,N,VIIRS,n,2.0NRT,300.9,3.48,D
24.15217,78.78765,327.83,0.38,0.36,2026-01-14,800,N,VIIRS,l,2.0NRT,300.19,3.15,D
24.29753,79.12183,335.23,0.39,0.36,2026-01-14,800,N,VIIRS,n,2.0NRT,302.27,5.33,D
24.68324,79.98648,330.52,0.4,0.37,2026-01-14,800,N,VIIRS,n,2.0NRT,299.14,1.66,D
25.11682,81.33483,331.59,0.44,0.38,2026-01-14,800,N,VIIRS,n,2.0NRT,300.36,1.88,D
25.32,81.21606,334.32,0.44,0.38,2026-01-14,800,N,VIIRS,n,2.0NRT,298.37,2.97,D
25.39853,82.61867,327.43,0.51,0.41,2026-01-14,800,N,VIIRS,n,2.0NRT,294.87,2.6,D
25.40804,81.74089,325.39,0.46,0.39,2026-01-14,800,N,VIIRS,n,2.0NRT,297.5,1.56,D
25.53887,81.1338,332.86,0.44,0.38,2026-01-14,800,N,VIIRS,n,2.0NRT,298.57,2.4,D
25.67301,83.40269,325.59,0.56,0.43,2026-01-14,800,N,VIIRS,n,2.0NRT,295.14,1.8,D
25.74048,83.20393,326.85,0.55,0.43,2026-01-14,800,N,VIIRS,n,2.0NRT,294.27,3.79,D
25.86741,83.26895,326.68,0.56,0.43,2026-01-14,800,N,VIIRS,n,2.0NRT,294.67,3.5,D
25.87046,83.93359,326.32,0.4,0.44,2026-01-14,800,N,VIIRS,n,2.0NRT,295.42,3.19,D
25.87352,79.19804,341.26,0.39,0.36,2026-01-14,800,N,VIIRS,n,2.0NRT,303.13,16.3,D
25.92897,84.40972,331.06,0.43,0.46,2026-01-14,800,N,VIIRS,n,2.0NRT,295.69,3.9,D
25.9851,81.30199,330.45,0.45,0.39,2026-01-14,800,N,VIIRS,n,2.0NRT,295.8,1.8,D
26.00734,80.34264,326.74,0.42,0.37,2026-01-14,800,N,VIIRS,n,2.0NRT,294.41,1.84,D
26.03146,83.04474,334.76,0.54,0.42,2026-01-14,800,N,VIIRS,n,2.0NRT,295.43,4.93,D
26.03534,84.17285,329.51,0.42,0.45,2026-01-14,800,N,VIIRS,n,2.0NRT,296.04,2.69,D
26.07203,84.23653,331.45,0.42,0.45,2026-01-14,800,N,VIIRS,n,2.0NRT,295.7,2.6,D
26.07995,80.72213,331.34,0.43,0.38,2026-01-14,800,N,VIIRS,n,2.0NRT,294.87,2.55,D
26.09219,81.43484,342.23,0.46,0.39,2026-01-14,800,N,VIIRS,n,2.0NRT,295.6,4.31,D
26.12519,80.61018,332.71,0.42,0.38,2026-01-14,800,N,VIIRS,n,2.0NRT,296.54,3.08,D
26.14113,83.96917,335,0.41,0.45,2026-01-14,800,N,VIIRS,n,2.0NRT,297.06,2.22,D
26.27959,82.54551,331.82,0.51,0.41,2026-01-14,800,N,VIIRS,n,2.0NRT,294.85,3.38,D
26.31895,82.62675,328.59,0.52,0.42,2026-01-14,800,N,VIIRS,n,2.0NRT,293.93,2.4,D
26.36633,82.41714,325.44,0.51,0.41,2026-01-14,800,N,VIIRS,n,2.0NRT,293.81,2.58,D
26.36644,82.41459,326.48,0.51,0.41,2026-01-14,800,N,VIIRS,n,2.0NRT,293.33,2.59,D
26.42504,78.21957,336.46,0.38,0.36,2026-01-14,800,N,VIIRS,n,2.0NRT,296.93,1.93,D
26.49545,82.12776,330.99,0.49,0.41,2026-01-14,800,N,VIIRS,n,2.0NRT,297.06,2.57,D
26.52047,84.47289,339.88,0.44,0.46,2026-01-14,800,N,VIIRS,n,2.0NRT,297,4.04,D
26.54088,83.60815,326.72,0.39,0.44,2026-01-14,800,N,VIIRS,n,2.0NRT,292.91,1.53,D
26.58472,84.46446,340.92,0.44,0.46,2026-01-14,800,N,VIIRS,n,2.0NRT,297.26,7.62,D
26.58571,84.4734,341.09,0.44,0.46,2026-01-14,800,N,VIIRS,n,2.0NRT,295.35,4.77,D
26.589,84.46391,346.03,0.44,0.46,2026-01-14,800,N,VIIRS,n,2.0NRT,296.13,7.62,D
26.7028,81.68606,329,0.47,0.4,2026-01-14,800,N,VIIRS,n,2.0NRT,295.71,2.6,D
26.70295,81.68408,330.39,0.47,0.4,2026-01-14,800,N,VIIRS,n,2.0NRT,297.14,2.64,D
26.7168,82.05849,330.05,0.49,0.4,2026-01-14,800,N,VIIRS,n,2.0NRT,294.66,4.35,D
26.72739,82.26671,335.73,0.5,0.41,2026-01-14,800,N,VIIRS,n,2.0NRT,296.07,5.1,D
26.76715,81.08665,326.25,0.45,0.39,2026-01-14,800,N,VIIRS,n,2.0NRT,298.3,2.17,D
26.77071,81.08608,325.12,0.45,0.39,2026-01-14,800,N,VIIRS,n,2.0NRT,296.69,2.17,D
26.77294,82.10307,326.01,0.5,0.41,2026-01-14,800,N,VIIRS,n,2.0NRT,295.85,4.34,D
26.80784,79.91203,326.93,0.41,0.37,2026-01-14,800,N,VIIRS,n,2.0NRT,292.87,1.43,D
26.80794,83.78464,327.48,0.41,0.45,2026-01-14,800,N,VIIRS,n,2.0NRT,292.38,1.99,D
26.82655,83.40834,331.54,0.39,0.44,2026-01-14,800,N,VIIRS,n,2.0NRT,294.87,2.79,D
26.88008,81.85688,333.76,0.48,0.4,2026-01-14,800,N,VIIRS,n,2.0NRT,298.55,6.42,D
26.93495,79.20455,343.63,0.39,0.37,2026-01-14,800,N,VIIRS,n,2.0NRT,296.14,3.64,D
26.94974,81.79357,328.65,0.48,0.4,2026-01-14,800,N,VIIRS,n,2.0NRT,294.95,2.18,D
27.01759,84.17064,345.38,0.43,0.46,2026-01-14,800,N,VIIRS,n,2.0NRT,298.12,10.63,D
27.04635,84.27827,339.7,0.44,0.46,2026-01-14,800,N,VIIRS,n,2.0NRT,297.2,4.3,D
27.12813,83.81815,326.72,0.41,0.45,2026-01-14,800,N,VIIRS,n,2.0NRT,293.51,2.27,D
27.12986,83.43365,329.23,0.39,0.44,2026-01-14,800,N,VIIRS,n,2.0NRT,292.51,2.32,D
27.1301,83.43382,332.12,0.39,0.44,2026-01-14,800,N,VIIRS,n,2.0NRT,292.31,2.28,D
27.16946,80.13716,332,0.42,0.38,2026-01-14,800,N,VIIRS,n,2.0NRT,293.06,2.66,D
27.17202,83.77889,327.63,0.41,0.45,2026-01-14,800,N,VIIRS,n,2.0NRT,293.91,2.09,D
27.24217,79.38401,338.65,0.4,0.37,2026-01-14,800,N,VIIRS,n,2.0NRT,297.47,4.29,D
27.33564,83.762,345.25,0.41,0.45,2026-01-14,800,N,VIIRS,n,2.0NRT,297.24,3.96,D
27.33978,83.76144,326.44,0.41,0.45,2026-01-14,800,N,VIIRS,n,2.0NRT,293.17,3.96,D
27.34119,83.77399,334.84,0.41,0.45,2026-01-14,800,N,VIIRS,n,2.0NRT,295.07,2.1,D
27.37737,83.70199,328.96,0.41,0.45,2026-01-14,800,N,VIIRS,n,2.0NRT,294.38,1.66,D
27.41166,84.10379,339.26,0.43,0.46,2026-01-14,800,N,VIIRS,n,2.0NRT,297,6.2,D
27.41191,84.10273,325.62,0.43,0.46,2026-01-14,800,N,VIIRS,n,2.0NRT,295.71,2.63,D
27.41239,84.10707,329.66,0.43,0.46,2026-01-14,800,N,VIIRS,n,2.0NRT,296.3,2.63,D
27.42026,82.22742,330.37,0.51,0.41,2026-01-14,800,N,VIIRS,n,2.0NRT,294.3,2.24,D
27.42121,82.22984,326.2,0.51,0.41,2026-01-14,800,N,VIIRS,n,2.0NRT,293.79,2.56,D
27.46218,81.21297,325.99,0.46,0.39,2026-01-14,800,N,VIIRS,n,2.0NRT,293.19,1.85,D
27.50976,80.8615,337.97,0.45,0.39,2026-01-14,800,N,VIIRS,n,2.0NRT,294.89,4.35,D
27.63139,80.50291,327.86,0.43,0.38,2026-01-14,800,N,VIIRS,n,2.0NRT,294.88,2,D
27.6443,80.01654,332.67,0.42,0.37,2026-01-14,800,N,VIIRS,n,2.0NRT,295.27,4.12,D
27.70702,80.97609,328.81,0.45,0.39,2026-01-14,800,N,VIIRS,n,2.0NRT,294.5,1.55,D
27.73125,80.12402,330.59,0.42,0.38,2026-01-14,800,N,VIIRS,n,2.0NRT,294.5,1.91,D
27.80343,81.29862,349.46,0.47,0.4,2026-01-14,800,N,VIIRS,n,2.0NRT,295.63,7.94,D
27.94808,80.72632,331.26,0.44,0.39,2026-01-14,800,N,VIIRS,n,2.0NRT,296.68,1.83,D
28.0534,83.95497,331.7,0.43,0.46,2026-01-14,800,N,VIIRS,n,2.0NRT,292.18,3.47,D
28.29489,84.27109,329.81,0.45,0.47,2026-01-14,800,N,VIIRS,n,2.0NRT,294.1,3.61,D
28.33781,84.09712,327.11,0.44,0.46,2026-01-14,800,N,VIIRS,n,2.0NRT,292.64,3.22,D
28.33791,84.4341,325.85,0.46,0.47,2026-01-14,800,N,VIIRS,n,2.0NRT,294.45,13.04,D
28.3384,84.43893,345.81,0.46,0.47,2026-01-14,800,N,VIIRS,n,2.0NRT,302.41,13.04,D
28.34297,84.44031,336.75,0.46,0.47,2026-01-14,800,N,VIIRS,n,2.0NRT,293.39,9.92,D
28.34554,84.08839,337.39,0.44,0.46,2026-01-14,800,N,VIIRS,n,2.0NRT,292.53,9.02,D
28.00215,80.43119,331.44,0.43,0.38,2026-01-14,802,N,VIIRS,n,2.0NRT,296,3.88,D
28.04721,81.05842,330.37,0.46,0.39,2026-01-14,802,N,VIIRS,n,2.0NRT,294.76,4.52,D
28.06135,80.22557,326.96,0.43,0.38,2026-01-14,802,N,VIIRS,n,2.0NRT,291.35,3.59,D
28.0619,78.58183,334.55,0.39,0.36,2026-01-14,802,N,VIIRS,n,2.0NRT,294.92,3.7,D
28.08682,80.90984,332.58,0.45,0.39,2026-01-14,802,N,VIIRS,n,2.0NRT,295.96,4.94,D
28.10344,80.06383,338.91,0.42,0.38,2026-01-14,802,N,VIIRS,n,2.0NRT,293.84,4.65,D
28.10657,80.02452,327.19,0.42,0.38,2026-01-14,802,N,VIIRS,n,2.0NRT,291.44,2.45,D
28.12098,80.02643,332.27,0.42,0.38,2026-01-14,802,N,VIIRS,n,2.0NRT,293.56,4.18,D
28.1243,80.40291,325.12,0.43,0.38,2026-01-14,802,N,VIIRS,n,2.0NRT,294.37,0.8,D
28.12991,77.7202,341.51,0.38,0.36,2026-01-14,802,N,VIIRS,n,2.0NRT,293.77,5.61,D
28.14238,80.37734,341.22,0.43,0.38,2026-01-14,802,N,VIIRS,n,2.0NRT,295.13,4.52,D
28.23296,80.30455,325.54,0.43,0.38,2026-01-14,802,N,VIIRS,n,2.0NRT,292.43,2.48,D
28.24871,80.01494,329.21,0.42,0.38,2026-01-14,802,N,VIIRS,n,2.0NRT,292.28,3.37,D
28.25783,80.27081,331.04,0.43,0.38,2026-01-14,802,N,VIIRS,n,2.0NRT,294.15,3.06,D
28.32661,80.66053,335.63,0.45,0.39,2026-01-14,802,N,VIIRS,n,2.0NRT,295.01,3.79,D
28.35603,81.12736,343.89,0.47,0.39,2026-01-14,802,N,VIIRS,n,2.0NRT,294.86,6.47,D
28.35674,81.12984,329.54,0.47,0.39,2026-01-14,802,N,VIIRS,n,2.0NRT,293.33,3.2,D
28.35707,79.7095,325.45,0.41,0.37,2026-01-14,802,N,VIIRS,n,2.0NRT,292.27,2.19,D
28.36383,80.55731,331.3,0.44,0.38,2026-01-14,802,N,VIIRS,n,2.0NRT,293.31,1.41,D
28.42305,84.40007,326.31,0.46,0.47,2026-01-14,802,N,VIIRS,n,2.0NRT,295.49,2.76,D
28.42737,84.399,331.42,0.46,0.47,2026-01-14,802,N,VIIRS,n,2.0NRT,300.15,5.49,D
28.46816,77.36233,341.25,0.38,0.36,2026-01-14,802,N,VIIRS,n,2.0NRT,296.5,3.76,D
28.54785,82.07258,337.72,0.52,0.41,2026-01-14,802,N,VIIRS,n,2.0NRT,293.78,5.11,D
28.6008,78.85803,329.55,0.4,0.37,2026-01-14,802,N,VIIRS,n,2.0NRT,291.06,2.41,D
28.66861,82.38608,333.48,0.54,0.42,2026-01-14,802,N,VIIRS,n,2.0NRT,292.76,3.48,D
28.70376,79.09801,330.1,0.4,0.37,2026-01-14,802,N,VIIRS,n,2.0NRT,291.13,1.72,D
28.73534,82.93181,340.94,0.39,0.44,2026-01-14,802,N,VIIRS,n,2.0NRT,297.26,5.39,D
28.80989,77.67026,332.51,0.38,0.36,2026-01-14,802,N,VIIRS,n,2.0NRT,293,2.89,D
28.81548,77.57236,332.26,0.38,0.36,2026-01-14,802,N,VIIRS,n,2.0NRT,292.88,2.19,D
28.81876,77.97961,329.22,0.39,0.36,2026-01-14,802,N,VIIRS,n,2.0NRT,292.06,2.83,D
28.83273,77.86768,326.89,0.39,0.36,2026-01-14,802,N,VIIRS,n,2.0NRT,291.19,2.27,D
28.84366,77.47072,325.17,0.38,0.36,2026-01-14,802,N,VIIRS,n,2.0NRT,291.7,2.06,D
28.87049,77.71564,326.3,0.38,0.36,2026-01-14,802,N,VIIRS,n,2.0NRT,290.47,1.89,D
28.87107,77.71957,326.74,0.38,0.36,2026-01-14,802,N,VIIRS,n,2.0NRT,289.98,1.89,D
28.89396,78.05041,329.8,0.39,0.36,2026-01-14,802,N,VIIRS,n,2.0NRT,290.52,3.34,D
29.00756,82.93133,341.83,0.39,0.44,2026-01-14,802,N,VIIRS,n,2.0NRT,307.98,10.02,D
29.01093,81.3497,335.37,0.48,0.4,2026-01-14,802,N,VIIRS,n,2.0NRT,297.46,6.58,D
29.0697,82.79691,333.04,0.57,0.43,2026-01-14,802,N,VIIRS,n,2.0NRT,302.64,4.9,D
29.08566,77.81983,328.84,0.39,0.36,2026-01-14,802,N,VIIRS,n,2.0NRT,290.03,1.68,D
29.09341,77.64424,328.7,0.38,0.36,2026-01-14,802,N,VIIRS,n,2.0NRT,289.71,1.17,D
29.0949,77.47404,328.78,0.38,0.36,2026-01-14,802,N,VIIRS,n,2.0NRT,291.49,2.6,D
29.2083,81.76856,329.15,0.51,0.41,2026-01-14,802,N,VIIRS,n,2.0NRT,293.72,5.43,D
29.21988,77.33627,325.49,0.38,0.36,2026-01-14,802,N,VIIRS,n,2.0NRT,289.48,1.71,D
29.22572,78.26199,329.77,0.39,0.36,2026-01-14,802,N,VIIRS,n,2.0NRT,291.43,1.53,D
29.30566,77.36794,337.76,0.38,0.36,2026-01-14,802,N,VIIRS,n,2.0NRT,293.2,3.27,D
29.35236,77.65469,328.44,0.39,0.36,2026-01-14,802,N,VIIRS,n,2.0NRT,289.97,2.46,D
29.39134,79.79836,328,0.42,0.38,2026-01-14,802,N,VIIRS,n,2.0NRT,295.16,3.49,D
29.51288,80.741,344.32,0.46,0.39,2026-01-14,802,N,VIIRS,n,2.0NRT,298.15,7.1,D
29.51641,80.73988,335.63,0.46,0.39,2026-01-14,802,N,VIIRS,n,2.0NRT,296.36,7.1,D
29.51705,80.74495,331.46,0.46,0.39,2026-01-14,802,N,VIIRS,n,2.0NRT,292.27,7.1,D
29.56133,81.86785,331.74,0.52,0.41,2026-01-14,802,N,VIIRS,n,2.0NRT,292.23,6.51,D
29.56635,81.84478,329.94,0.52,0.41,2026-01-14,802,N,VIIRS,n,2.0NRT,303.01,6.7,D
29.56926,79.4903,329.44,0.42,0.37,2026-01-14,802,N,VIIRS,n,2.0NRT,298.4,1.9,D
29.60048,79.75031,343.95,0.42,0.38,2026-01-14,802,N,VIIRS,n,2.0NRT,301.49,5.92,D
29.61418,79.58847,342,0.42,0.38,2026-01-14,802,N,VIIRS,n,2.0NRT,300.02,5.64,D
29.61541,81.05694,331.67,0.48,0.4,2026-01-14,802,N,VIIRS,n,2.0NRT,290.09,4.09,D
29.62075,82.20912,339.52,0.54,0.42,2026-01-14,802,N,VIIRS,n,2.0NRT,292.75,8.39,D
29.62345,79.27361,347.94,0.41,0.37,2026-01-14,802,N,VIIRS,n,2.0NRT,297.15,7.32,D
29.62834,81.37358,332.99,0.49,0.4,2026-01-14,802,N,VIIRS,n,2.0NRT,297.77,7.18,D
29.63163,79.71823,328.04,0.42,0.38,2026-01-14,802,N,VIIRS,n,2.0NRT,294.66,1.8,D
29.63348,81.26155,336.24,0.49,0.4,2026-01-14,802,N,VIIRS,n,2.0NRT,292.51,4.42,D
29.6381,79.17638,332.44,0.41,0.37,2026-01-14,802,N,VIIRS,n,2.0NRT,293.44,2.02,D
29.66508,81.13196,332.03,0.48,0.4,2026-01-14,802,N,VIIRS,n,2.0NRT,300.62,6.81,D
29.66549,81.25983,340.97,0.49,0.4,2026-01-14,802,N,VIIRS,n,2.0NRT,299.96,5.49,D
29.66817,82.34431,330.89,0.55,0.43,2026-01-14,802,N,VIIRS,n,2.0NRT,295.14,6.29,D
29.67136,82.34234,349.05,0.55,0.43,2026-01-14,802,N,VIIRS,n,2.0NRT,290.38,11.28,D
29.67138,79.11462,330.4,0.41,0.37,2026-01-14,802,N,VIIRS,n,2.0NRT,292.79,2.79,D
29.72619,81.41872,342.52,0.5,0.41,2026-01-14,802,N,VIIRS,n,2.0NRT,299.99,11.54,D
29.72676,81.42345,353.06,0.5,0.41,2026-01-14,802,N,VIIRS,n,2.0NRT,311.79,36.4,D
29.73034,81.42162,344.14,0.5,0.41,2026-01-14,802,N,VIIRS,n,2.0NRT,295.25,36.4,D
29.73922,81.99117,343.29,0.53,0.42,2026-01-14,802,N,VIIRS,n,2.0NRT,301.35,9.84,D
29.76063,79.36298,333.24,0.41,0.37,2026-01-14,802,N,VIIRS,n,2.0NRT,297.9,3.47,D
29.76404,79.36231,336.72,0.41,0.37,2026-01-14,802,N,VIIRS,n,2.0NRT,298.79,6.05,D
29.76413,79.92972,329.99,0.43,0.38,2026-01-14,802,N,VIIRS,n,2.0NRT,295.55,2.77,D
29.7646,79.36645,329.89,0.41,0.37,2026-01-14,802,N,VIIRS,n,2.0NRT,294.84,4.41,D
29.76974,79.4305,329.04,0.42,0.37,2026-01-14,802,N,VIIRS,n,2.0NRT,292.27,1.24,D
29.77503,82.2748,338.37,0.55,0.43,2026-01-14,802,N,VIIRS,n,2.0NRT,295.93,8.71,D
29.77515,82.27682,330.09,0.55,0.43,2026-01-14,802,N,VIIRS,n,2.0NRT,291.3,16.67,D
29.77825,82.26942,337.61,0.55,0.43,2026-01-14,802,N,VIIRS,n,2.0NRT,303.58,37.78,D
29.7789,82.27389,346.31,0.55,0.43,2026-01-14,802,N,VIIRS,n,2.0NRT,304.11,50.02,D
29.779,82.27584,333.95,0.55,0.43,2026-01-14,802,N,VIIRS,n,2.0NRT,297.55,16.67,D
29.80917,80.64745,346.84,0.46,0.39,2026-01-14,802,N,VIIRS,n,2.0NRT,306.7,29.12,D
29.81458,80.45799,328.92,0.45,0.39,2026-01-14,802,N,VIIRS,n,2.0NRT,301.44,3,D
29.93587,79.36657,328.94,0.42,0.37,2026-01-14,802,N,VIIRS,n,2.0NRT,294.05,3.79,D
29.95798,78.49583,330.81,0.4,0.37,2026-01-14,802,N,VIIRS,n,2.0NRT,297.19,3.77,D
29.98864,79.534,328.36,0.42,0.38,2026-01-14,802,N,VIIRS,n,2.0NRT,293.33,2.71,D
29.98913,79.6544,331.67,0.42,0.38,2026-01-14,802,N,VIIRS,n,2.0NRT,297.21,2.98,D
29.98989,79.65063,327.23,0.42,0.38,2026-01-14,802,N,VIIRS,n,2.0NRT,292.26,1.5,D
30.0067,81.8772,347.42,0.53,0.42,2026-01-14,802,N,VIIRS,n,2.0NRT,297.19,15.28,D
30.04376,81.77763,338.79,0.52,0.42,2026-01-14,802,N,VIIRS,n,2.0NRT,293.92,6.92,D
30.04399,80.65932,340.27,0.46,0.39,2026-01-14,802,N,VIIRS,n,2.0NRT,301.75,6.07,D
30.04509,81.77478,333.83,0.52,0.42,2026-01-14,802,N,VIIRS,n,2.0NRT,295.61,7.54,D
30.04815,80.66314,337.46,0.46,0.39,2026-01-14,802,N,VIIRS,n,2.0NRT,292.35,7,D
30.05196,80.3191,339.01,0.45,0.39,2026-01-14,802,N,VIIRS,n,2.0NRT,294.52,5.99,D
30.07121,80.61246,345.44,0.46,0.39,2026-01-14,802,N,VIIRS,n,2.0NRT,309.14,10.98,D
30.07182,80.6173,341.79,0.46,0.39,2026-01-14,802,N,VIIRS,n,2.0NRT,305.63,13.33,D
30.1006,80.58436,344.29,0.46,0.39,2026-01-14,802,N,VIIRS,n,2.0NRT,306.68,16.03,D
30.10412,80.64037,326.23,0.46,0.39,2026-01-14,802,N,VIIRS,n,2.0NRT,298.06,4.28,D
30.1247,80.30383,325.02,0.45,0.39,2026-01-14,802,N,VIIRS,n,2.0NRT,292.96,2.89,D
30.31387,79.28235,327.74,0.42,0.37,2026-01-14,802,N,VIIRS,n,2.0NRT,293.38,3.01,D
30.46667,78.29716,342,0.4,0.37,2026-01-14,802,N,VIIRS,n,2.0NRT,300.25,6.36,D
30.59091,78.073,325.04,0.39,0.36,2026-01-14,802,N,VIIRS,l,2.0NRT,299.16,1.58,D
30.59566,78.6501,326.92,0.4,0.37,2026-01-14,802,N,VIIRS,n,2.0NRT,297.44,2.09,D
30.60518,78.64402,332.6,0.4,0.37,2026-01-14,802,N,VIIRS,n,2.0NRT,295.06,3.3,D
30.61025,78.52435,329.92,0.4,0.37,2026-01-14,802,N,VIIRS,n,2.0NRT,294.62,3.14,D
30.61359,78.52359,334.25,0.4,0.37,2026-01-14,802,N,VIIRS,n,2.0NRT,293.72,3.14,D
30.61418,78.52774,333.87,0.4,0.37,2026-01-14,802,N,VIIRS,n,2.0NRT,294.88,6.6,D
30.6175,78.52686,343.37,0.4,0.37,2026-01-14,802,N,VIIRS,n,2.0NRT,295.94,6.6,D
30.62491,78.55518,325.16,0.4,0.37,2026-01-14,802,N,VIIRS,n,2.0NRT,289.2,2.06,D
30.64753,78.99791,346.35,0.41,0.37,2026-01-14,802,N,VIIRS,n,2.0NRT,300.63,6.79,D
30.64805,79.00175,346.79,0.41,0.37,2026-01-14,802,N,VIIRS,n,2.0NRT,304.18,8.57,D
30.68533,77.83834,341.36,0.39,0.36,2026-01-14,802,N,VIIRS,n,2.0NRT,300.58,3.37,D
30.70044,77.91868,345.78,0.39,0.36,2026-01-14,802,N,VIIRS,n,2.0NRT,301.84,5.99,D
30.70103,77.92274,344.34,0.39,0.36,2026-01-14,802,N,VIIRS,n,2.0NRT,299.86,7.96,D
30.70374,77.91789,346.85,0.39,0.36,2026-01-14,802,N,VIIRS,n,2.0NRT,299.42,6.39,D
30.77041,78.55332,325.53,0.4,0.37,2026-01-14,802,N,VIIRS,l,2.0NRT,298.2,3.4,D
30.79464,77.70494,330.43,0.39,0.36,2026-01-14,802,N,VIIRS,n,2.0NRT,293.47,1.58,D
30.80906,78.30328,333.02,0.4,0.37,2026-01-14,802,N,VIIRS,n,2.0NRT,290.83,3.39,D
30.86544,77.94188,331.93,0.39,0.36,2026-01-14,802,N,VIIRS,n,2.0NRT,295.75,2.77,D
30.87495,78.10408,325.52,0.39,0.36,2026-01-14,802,N,VIIRS,n,2.0NRT,295.99,2.35,D
30.89882,78.64874,347.81,0.4,0.37,2026-01-14,802,N,VIIRS,n,2.0NRT,316.02,49.75,D
30.89944,78.65321,331.89,0.4,0.37,2026-01-14,802,N,VIIRS,n,2.0NRT,294.4,7.13,D
30.9015,78.64325,331.24,0.4,0.37,2026-01-14,802,N,VIIRS,n,2.0NRT,292.92,11.18,D
30.90213,78.64771,352.16,0.4,0.37,2026-01-14,802,N,VIIRS,n,2.0NRT,296.82,11.18,D
30.90275,78.65213,327.6,0.4,0.37,2026-01-14,802,N,VIIRS,n,2.0NRT,299.75,3.32,D
30.94662,77.73,345.17,0.39,0.36,2026-01-14,802,N,VIIRS,n,2.0NRT,306.32,4.64,D
30.9472,77.73401,343.8,0.39,0.36,2026-01-14,802,N,VIIRS,n,2.0NRT,305.4,4.2,D
30.94778,77.73801,326.97,0.39,0.36,2026-01-14,802,N,VIIRS,n,2.0NRT,294.45,4.2,D
30.94992,77.72925,331.89,0.39,0.36,2026-01-14,802,N,VIIRS,n,2.0NRT,293.01,4.64,D
31.02239,77.92336,337.73,0.39,0.36,2026-01-14,802,N,VIIRS,n,2.0NRT,295.68,9.42,D
31.07167,77.94356,328.51,0.39,0.36,2026-01-14,802,N,VIIRS,n,2.0NRT,286.95,41.45,D
31.08558,77.87395,341.73,0.39,0.36,2026-01-14,802,N,VIIRS,n,2.0NRT,296.63,6.77,D
31.12647,78.35534,330.13,0.4,0.37,2026-01-14,802,N,VIIRS,n,2.0NRT,294.01,3.98,D
31.16974,77.56635,334.07,0.39,0.36,2026-01-14,802,N,VIIRS,n,2.0NRT,298.08,5.45,D
31.27938,77.16492,339.38,0.39,0.36,2026-01-14,802,N,VIIRS,n,2.0NRT,300.2,4.78,D
31.28206,77.16014,342.08,0.39,0.36,2026-01-14,802,N,VIIRS,n,2.0NRT,303.06,4.15,D
31.28535,77.15937,337.27,0.39,0.36,2026-01-14,802,N,VIIRS,n,2.0NRT,298.78,4.15,D
31.29197,78.01967,334.85,0.39,0.36,2026-01-14,802,N,VIIRS,n,2.0NRT,292.08,6.96,D
31.29529,78.01895,334.88,0.39,0.36,2026-01-14,802,N,VIIRS,n,2.0NRT,292.68,6.96,D
31.33497,77.63551,336.19,0.39,0.36,2026-01-14,802,N,VIIRS,n,2.0NRT,293.32,4.34,D
31.33829,77.63494,346.18,0.39,0.36,2026-01-14,802,N,VIIRS,n,2.0NRT,303.53,5.11,D
31.33887,77.63887,330.38,0.39,0.36,2026-01-14,802,N,VIIRS,n,2.0NRT,297.92,5.11,D
31.33945,77.64281,343.61,0.39,0.36,2026-01-14,802,N,VIIRS,n,2.0NRT,295.74,12.87,D
31.48993,77.46711,339.17,0.39,0.36,2026-01-14,802,N,VIIRS,n,2.0NRT,299.54,5.69,D
25.31256,83.01592,296.59,0.44,0.39,2026-01-14,2025,N,VIIRS,n,2.0NRT,286.52,0.96,N
26.63999,79.4782,296.35,0.39,0.36,2026-01-14,2025,N,VIIRS,n,2.0NRT,281.25,0.43,N
26.64331,79.47884,304.94,0.39,0.36,2026-01-14,2025,N,VIIRS,n,2.0NRT,280.98,0.43,N
26.76131,83.20057,301.68,0.44,0.38,2026-01-14,2025,N,VIIRS,n,2.0NRT,285.16,1.09,N
28.34821,77.25523,295.54,0.46,0.39,2026-01-14,2025,N,VIIRS,n,2.0NRT,278.45,0.54,N
28.54999,82.07924,306.74,0.39,0.36,2026-01-14,2025,N,VIIRS,n,2.0NRT,278.82,1.02,N
28.55066,82.07528,299.05,0.39,0.36,2026-01-14,2025,N,VIIRS,n,2.0NRT,279.3,1.02,N
28.97769,81.77637,295.14,0.39,0.36,2026-01-14,2025,N,VIIRS,n,2.0NRT,276.58,0.44,N
29.01377,81.34498,297.93,0.39,0.36,2026-01-14,2025,N,VIIRS,n,2.0NRT,278.96,0.55,N
29.21816,81.71809,311.26,0.39,0.36,2026-01-14,2025,N,VIIRS,n,2.0NRT,271.85,1.8,N
29.32345,81.76144,305.33,0.39,0.36,2026-01-14,2025,N,VIIRS,n,2.0NRT,278.09,1.02,N
29.38598,81.89549,304.3,0.39,0.36,2026-01-14,2025,N,VIIRS,n,2.0NRT,273.43,1.04,N
29.40828,79.83261,299.09,0.39,0.36,2026-01-14,2025,N,VIIRS,n,2.0NRT,278.23,0.78,N
29.42678,81.95606,295.38,0.39,0.36,2026-01-14,2025,N,VIIRS,n,2.0NRT,271.01,1.09,N
29.5754,81.77426,300.99,0.39,0.36,2026-01-14,2025,N,VIIRS,n,2.0NRT,274.41,0.5,N
29.61646,81.05551,297.37,0.38,0.36,2026-01-14,2025,N,VIIRS,n,2.0NRT,271.53,0.55,N
29.63595,82.15096,297.22,0.39,0.36,2026-01-14,2025,N,VIIRS,n,2.0NRT,272.26,1.08,N
29.67238,81.23638,318.25,0.38,0.36,2026-01-14,2025,N,VIIRS,n,2.0NRT,276.41,1.98,N
29.673,81.23247,315.06,0.38,0.36,2026-01-14,2025,N,VIIRS,n,2.0NRT,276.45,1.98,N
29.67362,81.22857,301.31,0.38,0.36,2026-01-14,2025,N,VIIRS,n,2.0NRT,276.24,0.84,N
29.67505,81.24094,302.71,0.38,0.36,2026-01-14,2025,N,VIIRS,n,2.0NRT,274.53,0.78,N
29.67568,81.23704,311.43,0.38,0.36,2026-01-14,2025,N,VIIRS,n,2.0NRT,277.8,1.98,N
29.67629,81.23314,323.67,0.38,0.36,2026-01-14,2025,N,VIIRS,n,2.0NRT,278.95,1.98,N
29.67691,81.22924,298.08,0.38,0.36,2026-01-14,2025,N,VIIRS,n,2.0NRT,276.47,0.84,N
29.67958,81.23381,319.05,0.38,0.36,2026-01-14,2025,N,VIIRS,n,2.0NRT,275.62,2.05,N
29.7549,79.76553,297.54,0.4,0.37,2026-01-14,2025,N,VIIRS,n,2.0NRT,279.86,0.7,N
29.79501,80.02759,312.47,0.39,0.36,2026-01-14,2025,N,VIIRS,n,2.0NRT,280.84,1.48,N
29.79833,80.02831,308.33,0.39,0.36,2026-01-14,2025,N,VIIRS,n,2.0NRT,280.51,1.48,N
29.88189,79.72967,328.1,0.4,0.37,2026-01-14,2025,N,VIIRS,n,2.0NRT,279.86,1.95,N
29.8825,79.72552,295.51,0.4,0.37,2026-01-14,2025,N,VIIRS,n,2.0NRT,278.86,2.46,N
29.88523,79.73048,318.87,0.4,0.37,2026-01-14,2025,N,VIIRS,n,2.0NRT,279.27,1.95,N
29.88945,78.87094,301.19,0.42,0.37,2026-01-14,2025,N,VIIRS,n,2.0NRT,278.07,0.66,N
29.95598,79.52936,295.61,0.4,0.37,2026-01-14,2025,N,VIIRS,n,2.0NRT,279.25,0.7,N
29.9817,80.71191,305.53,0.39,0.36,2026-01-14,2025,N,VIIRS,n,2.0NRT,276.18,1.13,N
29.98349,79.53053,304.99,0.4,0.37,2026-01-14,2025,N,VIIRS,n,2.0NRT,280.07,1.4,N
29.985,80.71254,301.82,0.39,0.36,2026-01-14,2025,N,VIIRS,n,2.0NRT,276.23,0.87,N
29.98621,79.53554,297.26,0.4,0.37,2026-01-14,2025,N,VIIRS,n,2.0NRT,279.17,1.01,N
29.9908,79.52789,295.52,0.4,0.37,2026-01-14,2025,N,VIIRS,n,2.0NRT,278.83,0.74,N
30.02797,78.69897,300.1,0.42,0.38,2026-01-14,2025,N,VIIRS,n,2.0NRT,278.78,0.49,N
30.05064,80.66064,300.23,0.39,0.36,2026-01-14,2025,N,VIIRS,n,2.0NRT,264.4,0.33,N
30.0679,80.61378,296.77,0.39,0.36,2026-01-14,2025,N,VIIRS,n,2.0NRT,276.21,0.57,N
30.10501,80.59389,305.8,0.39,0.36,2026-01-14,2025,N,VIIRS,n,2.0NRT,270.23,1.22,N
30.10539,78.84533,308.39,0.42,0.38,2026-01-14,2025,N,VIIRS,n,2.0NRT,279.85,1.66,N
30.10559,80.59013,295.85,0.39,0.36,2026-01-14,2025,N,VIIRS,n,2.0NRT,267.74,1.19,N
30.10678,80.5824,297.48,0.39,0.36,2026-01-14,2025,N,VIIRS,n,2.0NRT,259.23,0.27,N
30.1089,80.59074,309.61,0.39,0.36,2026-01-14,2025,N,VIIRS,n,2.0NRT,266.87,1.19,N
30.11988,80.27067,311.28,0.39,0.36,2026-01-14,2025,N,VIIRS,n,2.0NRT,274.25,1.13,N
30.15871,78.55932,304.56,0.43,0.38,2026-01-14,2025,N,VIIRS,n,2.0NRT,278.7,0.71,N
30.16803,78.97639,326.69,0.41,0.37,2026-01-14,2025,N,VIIRS,n,2.0NRT,279.05,3.01,N
30.19085,80.29807,300.55,0.39,0.36,2026-01-14,2025,N,VIIRS,n,2.0NRT,274.84,1.79,N
30.19147,80.29395,314.32,0.39,0.36,2026-01-14,2025,N,VIIRS,n,2.0NRT,276,2.51,N
30.1921,80.28986,321.31,0.39,0.36,2026-01-14,2025,N,VIIRS,n,2.0NRT,276.58,2.51,N
30.19287,80.30714,332.9,0.39,0.36,2026-01-14,2025,N,VIIRS,n,2.0NRT,272.36,4.39,N
30.19615,80.30801,331.46,0.39,0.36,2026-01-14,2025,N,VIIRS,n,2.0NRT,277.7,5.55,N
30.1994,80.30894,347.08,0.39,0.36,2026-01-14,2025,N,VIIRS,n,2.0NRT,279.92,5.55,N
30.20002,80.30489,301.29,0.39,0.36,2026-01-14,2025,N,VIIRS,n,2.0NRT,268.45,3.25,N
30.31181,79.28745,303.82,0.41,0.37,2026-01-14,2025,N,VIIRS,n,2.0NRT,280.06,0.68,N
30.37311,79.46701,306.83,0.4,0.37,2026-01-14,2025,N,VIIRS,n,2.0NRT,277.88,1.49,N
30.37372,79.46275,313.41,0.4,0.37,2026-01-14,2025,N,VIIRS,n,2.0NRT,278.71,1.49,N
30.43655,78.36353,296.76,0.44,0.38,2026-01-14,2025,N,VIIRS,n,2.0NRT,278.55,0.68,N
30.43715,78.35907,297.91,0.44,0.38,2026-01-14,2025,N,VIIRS,n,2.0NRT,277.83,0.83,N
30.54661,78.26427,297.38,0.44,0.38,2026-01-14,2025,N,VIIRS,n,2.0NRT,278.33,2.37,N
30.55011,78.26511,329.81,0.44,0.38,2026-01-14,2025,N,VIIRS,n,2.0NRT,281.43,2.37,N
30.55065,78.26112,313.8,0.44,0.38,2026-01-14,2025,N,VIIRS,n,2.0NRT,280.15,2.37,N
30.55362,78.26595,321.05,0.44,0.38,2026-01-14,2025,N,VIIRS,n,2.0NRT,279.67,3.27,N
30.61533,78.52973,296.39,0.43,0.38,2026-01-14,2025,N,VIIRS,n,2.0NRT,279.28,0.65,N
30.6165,78.52109,304.49,0.43,0.38,2026-01-14,2025,N,VIIRS,n,2.0NRT,279.82,1.54,N
30.61878,78.53065,297.71,0.43,0.38,2026-01-14,2025,N,VIIRS,n,2.0NRT,278.94,0.67,N
30.61993,78.52221,303.69,0.43,0.38,2026-01-14,2025,N,VIIRS,n,2.0NRT,278.71,1.83,N
30.62339,78.52309,323.66,0.43,0.38,2026-01-14,2025,N,VIIRS,n,2.0NRT,280.12,1.83,N
30.73477,78.44103,296.19,0.44,0.38,2026-01-14,2025,N,VIIRS,n,2.0NRT,279.62,0.75,N
30.7626,78.47441,298.85,0.43,0.38,2026-01-14,2025,N,VIIRS,n,2.0NRT,279.04,0.71,N
30.85716,78.02829,310.59,0.45,0.39,2026-01-14,2025,N,VIIRS,n,2.0NRT,277.91,1.18,N
30.86074,78.02885,297.9,0.45,0.39,2026-01-14,2025,N,VIIRS,n,2.0NRT,277.73,1.18,N
30.89697,78.6521,305.63,0.43,0.38,2026-01-14,2025,N,VIIRS,n,2.0NRT,276.36,2.39,N
30.89751,78.64816,332,0.43,0.38,2026-01-14,2025,N,VIIRS,n,2.0NRT,279.26,4.72,N
30.89805,78.64423,336.83,0.43,0.38,2026-01-14,2025,N,VIIRS,n,2.0NRT,279.69,4.72,N
30.9004,78.65317,326.79,0.43,0.38,2026-01-14,2025,N,VIIRS,n,2.0NRT,278.73,2.39,N
30.90094,78.64922,328.32,0.43,0.38,2026-01-14,2025,N,VIIRS,n,2.0NRT,280.46,4.72,N
30.90148,78.64524,321.72,0.43,0.38,2026-01-14,2025,N,VIIRS,n,2.0NRT,279.4,4.72,N
30.90665,78.01314,298.53,0.45,0.39,2026-01-14,2025,N,VIIRS,n,2.0NRT,276.62,1.78,N
30.94272,77.73468,305.21,0.47,0.39,2026-01-14,2025,N,VIIRS,n,2.0NRT,276.12,1.36,N
30.94335,77.72982,310.9,0.47,0.39,2026-01-14,2025,N,VIIRS,n,2.0NRT,278.12,1.17,N
30.94392,77.72539,295.77,0.47,0.39,2026-01-14,2025,N,VIIRS,n,2.0NRT,277.31,1.17,N
30.94449,77.72099,306.15,0.47,0.39,2026-01-14,2025,N,VIIRS,n,2.0NRT,276.51,0.93,N
30.94512,77.71604,297.52,0.47,0.39,2026-01-14,2025,N,VIIRS,n,2.0NRT,276.12,0.93,N
30.9586,77.5518,299.77,0.47,0.4,2026-01-14,2025,N,VIIRS,n,2.0NRT,277.49,0.91,N
30.96217,77.55309,305.28,0.47,0.4,2026-01-14,2025,N,VIIRS,n,2.0NRT,278.28,1.39,N
30.99908,78.07191,304.2,0.45,0.39,2026-01-14,2025,N,VIIRS,n,2.0NRT,279.09,1.03,N
30.99975,78.06676,300.61,0.45,0.39,2026-01-14,2025,N,VIIRS,n,2.0NRT,278.94,0.96,N
31.03658,77.83957,313.84,0.46,0.39,2026-01-14,2025,N,VIIRS,n,2.0NRT,277,1.65,N
31.04374,77.84135,304.58,0.46,0.39,2026-01-14,2025,N,VIIRS,n,2.0NRT,278.26,1.43,N
31.08129,77.89273,317.19,0.46,0.39,2026-01-14,2025,N,VIIRS,n,2.0NRT,277.96,1.85,N
31.08255,77.89053,336.32,0.46,0.39,2026-01-14,2025,N,VIIRS,n,2.0NRT,282.13,5.38,N
31.08488,77.89339,316.84,0.46,0.39,2026-01-14,2025,N,VIIRS,n,2.0NRT,277.56,1.45,N
31.25461,77.76013,323.66,0.47,0.4,2026-01-14,2025,N,VIIRS,n,2.0NRT,275.02,3.53,N
31.25755,77.76621,301.77,0.47,0.4,2026-01-14,2025,N,VIIRS,n,2.0NRT,274.57,1.56,N
31.26819,77.76995,299.31,0.47,0.4,2026-01-14,2025,N,VIIRS,n,2.0NRT,275.28,1.4,N
31.2743,77.17129,327.84,0.5,0.41,2026-01-14,2025,N,VIIRS,n,2.0NRT,279.34,2.83,N
31.27466,77.42137,305.26,0.48,0.4,2026-01-14,2025,N,VIIRS,n,2.0NRT,276.7,1.39,N
31.27522,77.41695,306.72,0.48,0.4,2026-01-14,2025,N,VIIRS,n,2.0NRT,277.89,1.39,N
31.27928,78.06638,304.8,0.46,0.39,2026-01-14,2025,N,VIIRS,n,2.0NRT,269.87,1.9,N
31.28018,77.18511,301.68,0.5,0.41,2026-01-14,2025,N,VIIRS,n,2.0NRT,277.68,0.81,N
31.28051,77.18642,299.47,0.5,0.41,2026-01-14,2025,N,VIIRS,n,2.0NRT,277.85,0.94,N
31.28081,78.06825,304.61,0.46,0.39,2026-01-14,2025,N,VIIRS,n,2.0NRT,270.3,1.72,N
31.28486,77.15031,295.13,0.5,0.41,2026-01-14,2025,N,VIIRS,n,2.0NRT,278.17,1.16,N
31.29228,78.02157,313.06,0.46,0.39,2026-01-14,2025,N,VIIRS,n,2.0NRT,276.03,2.64,N
31.3091,77.26422,311.09,0.49,0.4,2026-01-14,2025,N,VIIRS,n,2.0NRT,279.34,1.24,N
31.30981,77.25849,297.7,0.49,0.4,2026-01-14,2025,N,VIIRS,n,2.0NRT,278.59,1.24,N
31.31856,77.24911,308.43,0.49,0.41,2026-01-14,2025,N,VIIRS,n,2.0NRT,280.07,2.05,N
31.49936,77.46383,311.1,0.48,0.4,2026-01-14,2025,N,VIIRS,n,2.0NRT,278.97,1.72,N
23.98792,79.39255,300.53,0.38,0.36,2026-01-14,2027,N,VIIRS,n,2.0NRT,284.74,0.44,N
23.99123,79.39317,298.81,0.38,0.36,2026-01-14,2027,N,VIIRS,n,2.0NRT,286.2,0.61,N
24.05331,80.61246,296.73,0.39,0.36,2026-01-14,2027,N,VIIRS,n,2.0NRT,285.71,0.64,N
24.14025,82.63201,308.22,0.44,0.39,2026-01-14,2027,N,VIIRS,n,2.0NRT,282.63,1.06,N
24.14299,82.63712,333.11,0.44,0.39,2026-01-14,2027,N,VIIRS,n,2.0NRT,286.05,3.2,N
24.14377,82.63272,298.29,0.44,0.39,2026-01-14,2027,N,VIIRS,n,2.0NRT,284.2,0.91,N
24.16645,82.68481,302.91,0.44,0.39,2026-01-14,2027,N,VIIRS,n,2.0NRT,283.48,0.95,N
24.16707,82.68707,304.86,0.44,0.39,2026-01-14,2027,N,VIIRS,n,2.0NRT,284.51,0.9,N
24.1672,82.62402,297.34,0.44,0.39,2026-01-14,2027,N,VIIRS,n,2.0NRT,282.7,0.98,N
24.17974,82.65169,299.89,0.44,0.39,2026-01-14,2027,N,VIIRS,n,2.0NRT,284.43,0.87,N
24.18444,82.66618,296.84,0.44,0.39,2026-01-14,2027,N,VIIRS,n,2.0NRT,283.27,0.94,N
24.18521,82.66187,305.02,0.44,0.39,2026-01-14,2027,N,VIIRS,n,2.0NRT,283.77,0.94,N
24.19858,80.79813,303.27,0.39,0.36,2026-01-14,2027,N,VIIRS,n,2.0NRT,286.73,0.67,N
24.20191,80.79881,296.45,0.39,0.36,2026-01-14,2027,N,VIIRS,n,2.0NRT,285.67,0.67,N
24.20482,82.71576,299.77,0.45,0.39,2026-01-14,2027,N,VIIRS,n,2.0NRT,284.56,1.21,N
24.20914,82.71208,295.62,0.45,0.39,2026-01-14,2027,N,VIIRS,n,2.0NRT,285.51,0.81,N
24.52863,81.1685,297.31,0.4,0.37,2026-01-14,2027,N,VIIRS,n,2.0NRT,284.77,0.62,N
24.59562,80.86117,300.79,0.39,0.36,2026-01-14,2027,N,VIIRS,n,2.0NRT,284.92,0.71,N